<thrown map="level 4" author="orta" throws="1">

  <!-- important details -->
  <background file="default"/>
  <player x="440" y="40"/> 
  <exit x="300" y="-10" width="40" height="30"/>
  <size width="480" height="320"/>
  <next level="level6"/>
  
  <!-- actual map -->
  <line x1="420" y1="20" x2="470" y2="20"/>
  <line x1="380" y1="20" x2="380" y2="220"/>

  <spikes direction="up" x="0" y="0" width="480" height="10"/>
  <spikes direction="down" x="0" y="310" width="480" height="10"/>

</thrown>