<thrown map="level 1" author="orta" throws="1">
  <!-- important details -->
  <background file="default"/>
  <player x="40" y="233"/> 
  <exit x="240" y="0" width="40" height="2"/>
  <size width="480" height="320"/>
  <next level="level2"/>
  
  <!-- actual map -->
  <line x1="0" y1="200" x2="80" y2="200"/>
  <line x1="80" y1="200" x2="240" y2="40"/>
  <line x1="240" y1="40" x2="240" y2="0"/>
  <line x1="280" y1="0" x2="280" y2="40"/>
  <line x1="280" y1="40" x2="400" y2="200"/>
  <line x1="400" y1="200" x2="480" y2="200"/>
  
  <spikes direction="up" x="0" y="0" width="200" height="10"/>
  <spikes direction="up" x="400" y="200" width="80" height="10"/>

</thrown>