<thrown map="level 3" author="orta" throws="2">

  <!-- important details -->
  <background file="default"/>
  <player x="40" y="120"/> 
  <exit x="180" y="140" width="80" height="2"/>
  <size width="480" height="320"/>
  <next level="level4"/>

  <!-- actual map -->
  <line x1="0" y1="50" x2="80" y2="50"/>
  <line x1="80" y1="50" x2="80" y2="0"/>
  
  <!-- house -->
  <line x1="150" y1="0" x2="150" y2="100"/>
  <line x1="150" y1="100" x2="130" y2="100"/>
  <line x1="130" y1="100" x2="170" y2="140"/>
  <line x1="170" y1="140" x2="270" y2="140"/>
  <line x1="270" y1="140" x2="310" y2="100"/>
  <line x1="310" y1="100" x2="290" y2="100"/>
  <line x1="290" y1="100" x2="290" y2="0"/>

  <!-- tree -->
  <line x1="430" y1="100" x2="430" y2="0"/>
  <line x1="450" y1="100" x2="450" y2="0"/>
  <circle x="440" y="130" radius="40"/>

</thrown>