{"meta":{"status":200,"msg":"OK","time":1335541016},"response":{"categories":[{"name":"All Products","url":"https:\/\/api.svpply.com\/v1\/shop.json","text_color":"#000000","border_color":"#000000","children":[{"name":"Men\u2019s","url":"https:\/\/api.svpply.com\/v1\/shop\/mens.json","text_color":"#FF5B54","border_color":"#FFDEDD","children":[{"name":"Clothing","url":"https:\/\/api.svpply.com\/v1\/shop\/mens\/clothing.json","text_color":"#FF5B54","border_color":"#FFDEDD","children":[{"name":"Tops","url":"https:\/\/api.svpply.com\/v1\/shop\/mens\/clothing\/tops.json","text_color":"#FF5B54","border_color":"#FFDEDD","children":[{"name":"Shirts","url":"https:\/\/api.svpply.com\/v1\/shop\/mens\/clothing\/tops\/shirts.json","text_color":"#FF5B54","border_color":"#FFDEDD"},{"name":"Sweaters","url":"https:\/\/api.svpply.com\/v1\/shop\/mens\/clothing\/tops\/sweaters.json","text_color":"#FF5B54","border_color":"#FFDEDD"},{"name":"Sweatshirts","url":"https:\/\/api.svpply.com\/v1\/shop\/mens\/clothing\/tops\/sweatshirts.json","text_color":"#FF5B54","border_color":"#FFDEDD"},{"name":"T-Shirts","url":"https:\/\/api.svpply.com\/v1\/shop\/mens\/clothing\/tops\/t-shirts.json","text_color":"#FF5B54","border_color":"#FFDEDD"}]},{"name":"Bottoms","url":"https:\/\/api.svpply.com\/v1\/shop\/mens\/clothing\/bottoms.json","text_color":"#FF5B54","border_color":"#FFDEDD","children":[{"name":"Jeans","url":"https:\/\/api.svpply.com\/v1\/shop\/mens\/clothing\/bottoms\/jeans.json","text_color":"#FF5B54","border_color":"#FFDEDD"},{"name":"Pants","url":"https:\/\/api.svpply.com\/v1\/shop\/mens\/clothing\/bottoms\/pants.json","text_color":"#FF5B54","border_color":"#FFDEDD"},{"name":"Shorts","url":"https:\/\/api.svpply.com\/v1\/shop\/mens\/clothing\/bottoms\/shorts.json","text_color":"#FF5B54","border_color":"#FFDEDD"},{"name":"Socks","url":"https:\/\/api.svpply.com\/v1\/shop\/mens\/clothing\/bottoms\/socks.json","text_color":"#FF5B54","border_color":"#FFDEDD"},{"name":"Underwear","url":"https:\/\/api.svpply.com\/v1\/shop\/mens\/clothing\/bottoms\/underwear.json","text_color":"#FF5B54","border_color":"#FFDEDD"},{"name":"Swim","url":"https:\/\/api.svpply.com\/v1\/shop\/mens\/clothing\/bottoms\/swim.json","text_color":"#FF5B54","border_color":"#FFDEDD"}]},{"name":"Outerwear","url":"https:\/\/api.svpply.com\/v1\/shop\/mens\/clothing\/outerwear.json","text_color":"#FF5B54","border_color":"#FFDEDD"},{"name":"Suits","url":"https:\/\/api.svpply.com\/v1\/shop\/mens\/clothing\/suits.json","text_color":"#FF5B54","border_color":"#FFDEDD"}]},{"name":"Shoes","url":"https:\/\/api.svpply.com\/v1\/shop\/mens\/shoes.json","text_color":"#FF5B54","border_color":"#FFDEDD","children":[{"name":"Casual","url":"https:\/\/api.svpply.com\/v1\/shop\/mens\/shoes\/casual.json","text_color":"#FF5B54","border_color":"#FFDEDD"},{"name":"Sneakers","url":"https:\/\/api.svpply.com\/v1\/shop\/mens\/shoes\/sneakers.json","text_color":"#FF5B54","border_color":"#FFDEDD"},{"name":"Dress","url":"https:\/\/api.svpply.com\/v1\/shop\/mens\/shoes\/dress.json","text_color":"#FF5B54","border_color":"#FFDEDD"},{"name":"Boots","url":"https:\/\/api.svpply.com\/v1\/shop\/mens\/shoes\/boots.json","text_color":"#FF5B54","border_color":"#FFDEDD"},{"name":"Sandals","url":"https:\/\/api.svpply.com\/v1\/shop\/mens\/shoes\/sandals.json","text_color":"#FF5B54","border_color":"#FFDEDD"}]},{"name":"Accessories","url":"https:\/\/api.svpply.com\/v1\/shop\/mens\/accessories.json","text_color":"#FF5B54","border_color":"#FFDEDD","children":[{"name":"Bags","url":"https:\/\/api.svpply.com\/v1\/shop\/mens\/accessories\/bags.json","text_color":"#FF5B54","border_color":"#FFDEDD","children":[{"name":"Backpacks","url":"https:\/\/api.svpply.com\/v1\/shop\/mens\/accessories\/bags\/backpacks.json","text_color":"#FF5B54","border_color":"#FFDEDD"},{"name":"Messenger","url":"https:\/\/api.svpply.com\/v1\/shop\/mens\/accessories\/bags\/messenger.json","text_color":"#FF5B54","border_color":"#FFDEDD"},{"name":"Luggage","url":"https:\/\/api.svpply.com\/v1\/shop\/mens\/accessories\/bags\/luggage.json","text_color":"#FF5B54","border_color":"#FFDEDD"}]},{"name":"Watches","url":"https:\/\/api.svpply.com\/v1\/shop\/mens\/accessories\/watches.json","text_color":"#FF5B54","border_color":"#FFDEDD","children":[{"name":"Casual","url":"https:\/\/api.svpply.com\/v1\/shop\/mens\/accessories\/watches\/casual.json","text_color":"#FF5B54","border_color":"#FFDEDD"},{"name":"Formal","url":"https:\/\/api.svpply.com\/v1\/shop\/mens\/accessories\/watches\/formal.json","text_color":"#FF5B54","border_color":"#FFDEDD"}]},{"name":"Wallets","url":"https:\/\/api.svpply.com\/v1\/shop\/mens\/accessories\/wallets.json","text_color":"#FF5B54","border_color":"#FFDEDD"},{"name":"Belts","url":"https:\/\/api.svpply.com\/v1\/shop\/mens\/accessories\/belts.json","text_color":"#FF5B54","border_color":"#FFDEDD"},{"name":"Ties","url":"https:\/\/api.svpply.com\/v1\/shop\/mens\/accessories\/ties.json","text_color":"#FF5B54","border_color":"#FFDEDD"},{"name":"Hats","url":"https:\/\/api.svpply.com\/v1\/shop\/mens\/accessories\/hats.json","text_color":"#FF5B54","border_color":"#FFDEDD","children":[{"name":"Caps","url":"https:\/\/api.svpply.com\/v1\/shop\/mens\/accessories\/hats\/caps.json","text_color":"#FF5B54","border_color":"#FFDEDD"},{"name":"Classic","url":"https:\/\/api.svpply.com\/v1\/shop\/mens\/accessories\/hats\/classic.json","text_color":"#FF5B54","border_color":"#FFDEDD"},{"name":"Beanies","url":"https:\/\/api.svpply.com\/v1\/shop\/mens\/accessories\/hats\/beanies.json","text_color":"#FF5B54","border_color":"#FFDEDD"}]},{"name":"Glasses","url":"https:\/\/api.svpply.com\/v1\/shop\/mens\/accessories\/glasses.json","text_color":"#FF5B54","border_color":"#FFDEDD"}]}]},{"name":"Women\u2019s","url":"https:\/\/api.svpply.com\/v1\/shop\/womens.json","text_color":"#8A4E77","border_color":"#E8DCE4","children":[{"name":"Clothing","url":"https:\/\/api.svpply.com\/v1\/shop\/womens\/clothing.json","text_color":"#8A4E77","border_color":"#E8DCE4","children":[{"name":"Dresses","url":"https:\/\/api.svpply.com\/v1\/shop\/womens\/clothing\/dresses.json","text_color":"#8A4E77","border_color":"#E8DCE4"},{"name":"Tops","url":"https:\/\/api.svpply.com\/v1\/shop\/womens\/clothing\/tops.json","text_color":"#8A4E77","border_color":"#E8DCE4","children":[{"name":"Shirts","url":"https:\/\/api.svpply.com\/v1\/shop\/womens\/clothing\/tops\/shirts.json","text_color":"#8A4E77","border_color":"#E8DCE4"},{"name":"Sweaters","url":"https:\/\/api.svpply.com\/v1\/shop\/womens\/clothing\/tops\/sweaters.json","text_color":"#8A4E77","border_color":"#E8DCE4"},{"name":"Sweatshirts","url":"https:\/\/api.svpply.com\/v1\/shop\/womens\/clothing\/tops\/sweatshirts.json","text_color":"#8A4E77","border_color":"#E8DCE4"},{"name":"T-Shirts","url":"https:\/\/api.svpply.com\/v1\/shop\/womens\/clothing\/tops\/t-shirts.json","text_color":"#8A4E77","border_color":"#E8DCE4"},{"name":"Blazers","url":"https:\/\/api.svpply.com\/v1\/shop\/womens\/clothing\/tops\/blazers.json","text_color":"#8A4E77","border_color":"#E8DCE4"}]},{"name":"Bottoms","url":"https:\/\/api.svpply.com\/v1\/shop\/womens\/clothing\/bottoms.json","text_color":"#8A4E77","border_color":"#E8DCE4","children":[{"name":"Jeans","url":"https:\/\/api.svpply.com\/v1\/shop\/womens\/clothing\/bottoms\/jeans.json","text_color":"#8A4E77","border_color":"#E8DCE4"},{"name":"Pants","url":"https:\/\/api.svpply.com\/v1\/shop\/womens\/clothing\/bottoms\/pants.json","text_color":"#8A4E77","border_color":"#E8DCE4"},{"name":"Shorts","url":"https:\/\/api.svpply.com\/v1\/shop\/womens\/clothing\/bottoms\/shorts.json","text_color":"#8A4E77","border_color":"#E8DCE4"},{"name":"Rompers","url":"https:\/\/api.svpply.com\/v1\/shop\/womens\/clothing\/bottoms\/rompers.json","text_color":"#8A4E77","border_color":"#E8DCE4"},{"name":"Skirts","url":"https:\/\/api.svpply.com\/v1\/shop\/womens\/clothing\/bottoms\/skirts.json","text_color":"#8A4E77","border_color":"#E8DCE4"},{"name":"Swim","url":"https:\/\/api.svpply.com\/v1\/shop\/womens\/clothing\/bottoms\/swim.json","text_color":"#8A4E77","border_color":"#E8DCE4"}]},{"name":"Outerwear","url":"https:\/\/api.svpply.com\/v1\/shop\/womens\/clothing\/outerwear.json","text_color":"#8A4E77","border_color":"#E8DCE4"},{"name":"Underwear","url":"https:\/\/api.svpply.com\/v1\/shop\/womens\/clothing\/underwear.json","text_color":"#8A4E77","border_color":"#E8DCE4","children":[{"name":"Bras & Undies","url":"https:\/\/api.svpply.com\/v1\/shop\/womens\/clothing\/underwear\/bras-undies.json","text_color":"#8A4E77","border_color":"#E8DCE4"},{"name":"Slips","url":"https:\/\/api.svpply.com\/v1\/shop\/womens\/clothing\/underwear\/slips.json","text_color":"#8A4E77","border_color":"#E8DCE4"},{"name":"Bodysuits","url":"https:\/\/api.svpply.com\/v1\/shop\/womens\/clothing\/underwear\/bodysuits.json","text_color":"#8A4E77","border_color":"#E8DCE4"},{"name":"Tights","url":"https:\/\/api.svpply.com\/v1\/shop\/womens\/clothing\/underwear\/tights.json","text_color":"#8A4E77","border_color":"#E8DCE4"},{"name":"Socks","url":"https:\/\/api.svpply.com\/v1\/shop\/womens\/clothing\/underwear\/socks.json","text_color":"#8A4E77","border_color":"#E8DCE4"}]}]},{"name":"Shoes","url":"https:\/\/api.svpply.com\/v1\/shop\/womens\/shoes.json","text_color":"#8A4E77","border_color":"#E8DCE4","children":[{"name":"Sandals","url":"https:\/\/api.svpply.com\/v1\/shop\/womens\/shoes\/sandals.json","text_color":"#8A4E77","border_color":"#E8DCE4"},{"name":"Heels","url":"https:\/\/api.svpply.com\/v1\/shop\/womens\/shoes\/heels.json","text_color":"#8A4E77","border_color":"#E8DCE4"},{"name":"Flats","url":"https:\/\/api.svpply.com\/v1\/shop\/womens\/shoes\/flats.json","text_color":"#8A4E77","border_color":"#E8DCE4"},{"name":"Boots","url":"https:\/\/api.svpply.com\/v1\/shop\/womens\/shoes\/boots.json","text_color":"#8A4E77","border_color":"#E8DCE4"},{"name":"Sneakers","url":"https:\/\/api.svpply.com\/v1\/shop\/womens\/shoes\/sneakers.json","text_color":"#8A4E77","border_color":"#E8DCE4"}]},{"name":"Accessories","url":"https:\/\/api.svpply.com\/v1\/shop\/womens\/accessories.json","text_color":"#8A4E77","border_color":"#E8DCE4","children":[{"name":"Bags","url":"https:\/\/api.svpply.com\/v1\/shop\/womens\/accessories\/bags.json","text_color":"#8A4E77","border_color":"#E8DCE4","children":[{"name":"Purses","url":"https:\/\/api.svpply.com\/v1\/shop\/womens\/accessories\/bags\/purses.json","text_color":"#8A4E77","border_color":"#E8DCE4"},{"name":"Wallets","url":"https:\/\/api.svpply.com\/v1\/shop\/womens\/accessories\/bags\/wallets.json","text_color":"#8A4E77","border_color":"#E8DCE4"},{"name":"Clutches","url":"https:\/\/api.svpply.com\/v1\/shop\/womens\/accessories\/bags\/clutches.json","text_color":"#8A4E77","border_color":"#E8DCE4"},{"name":"Totes","url":"https:\/\/api.svpply.com\/v1\/shop\/womens\/accessories\/bags\/totes.json","text_color":"#8A4E77","border_color":"#E8DCE4"},{"name":"Backpacks","url":"https:\/\/api.svpply.com\/v1\/shop\/womens\/accessories\/bags\/backpacks.json","text_color":"#8A4E77","border_color":"#E8DCE4"},{"name":"Luggage","url":"https:\/\/api.svpply.com\/v1\/shop\/womens\/accessories\/bags\/luggage.json","text_color":"#8A4E77","border_color":"#E8DCE4"}]},{"name":"Watches","url":"https:\/\/api.svpply.com\/v1\/shop\/womens\/accessories\/watches.json","text_color":"#8A4E77","border_color":"#E8DCE4"},{"name":"Belts","url":"https:\/\/api.svpply.com\/v1\/shop\/womens\/accessories\/belts.json","text_color":"#8A4E77","border_color":"#E8DCE4"},{"name":"Jewelry","url":"https:\/\/api.svpply.com\/v1\/shop\/womens\/accessories\/jewelry.json","text_color":"#8A4E77","border_color":"#E8DCE4"},{"name":"Hair","url":"https:\/\/api.svpply.com\/v1\/shop\/womens\/accessories\/hair.json","text_color":"#8A4E77","border_color":"#E8DCE4"},{"name":"Hats","url":"https:\/\/api.svpply.com\/v1\/shop\/womens\/accessories\/hats.json","text_color":"#8A4E77","border_color":"#E8DCE4"},{"name":"Scarves","url":"https:\/\/api.svpply.com\/v1\/shop\/womens\/accessories\/scarves.json","text_color":"#8A4E77","border_color":"#E8DCE4"},{"name":"Glasses","url":"https:\/\/api.svpply.com\/v1\/shop\/womens\/accessories\/glasses.json","text_color":"#8A4E77","border_color":"#E8DCE4"}]},{"name":"Beauty","url":"https:\/\/api.svpply.com\/v1\/shop\/womens\/beauty.json","text_color":"#8A4E77","border_color":"#E8DCE4"}]},{"name":"Tech","url":"https:\/\/api.svpply.com\/v1\/shop\/tech.json","text_color":"#36779D","border_color":"#D7E4EB","children":[{"name":"Audio","url":"https:\/\/api.svpply.com\/v1\/shop\/tech\/audio.json","text_color":"#36779D","border_color":"#D7E4EB","children":[{"name":"Turntables","url":"https:\/\/api.svpply.com\/v1\/shop\/tech\/audio\/turntables.json","text_color":"#36779D","border_color":"#D7E4EB"},{"name":"Headphones","url":"https:\/\/api.svpply.com\/v1\/shop\/tech\/audio\/headphones.json","text_color":"#36779D","border_color":"#D7E4EB"},{"name":"Speakers","url":"https:\/\/api.svpply.com\/v1\/shop\/tech\/audio\/speakers.json","text_color":"#36779D","border_color":"#D7E4EB"},{"name":"Instruments","url":"https:\/\/api.svpply.com\/v1\/shop\/tech\/audio\/instruments.json","text_color":"#36779D","border_color":"#D7E4EB"}]},{"name":"Cameras","url":"https:\/\/api.svpply.com\/v1\/shop\/tech\/cameras.json","text_color":"#36779D","border_color":"#D7E4EB","children":[{"name":"Digital","url":"https:\/\/api.svpply.com\/v1\/shop\/tech\/cameras\/digital.json","text_color":"#36779D","border_color":"#D7E4EB"},{"name":"Analog","url":"https:\/\/api.svpply.com\/v1\/shop\/tech\/cameras\/analog.json","text_color":"#36779D","border_color":"#D7E4EB"},{"name":"Accessories","url":"https:\/\/api.svpply.com\/v1\/shop\/tech\/cameras\/accessories.json","text_color":"#36779D","border_color":"#D7E4EB"}]},{"name":"Accessories","url":"https:\/\/api.svpply.com\/v1\/shop\/tech\/accessories.json","text_color":"#36779D","border_color":"#D7E4EB","children":[{"name":"Laptop","url":"https:\/\/api.svpply.com\/v1\/shop\/tech\/accessories\/laptop.json","text_color":"#36779D","border_color":"#D7E4EB"},{"name":"Phone","url":"https:\/\/api.svpply.com\/v1\/shop\/tech\/accessories\/phone.json","text_color":"#36779D","border_color":"#D7E4EB"},{"name":"Other","url":"https:\/\/api.svpply.com\/v1\/shop\/tech\/accessories\/other.json","text_color":"#36779D","border_color":"#D7E4EB"}]}]},{"name":"Media","url":"https:\/\/api.svpply.com\/v1\/shop\/media.json","text_color":"#56B2BD","border_color":"#DDF0F2","children":[{"name":"Books & Music","url":"https:\/\/api.svpply.com\/v1\/shop\/media\/books-music.json","text_color":"#56B2BD","border_color":"#DDF0F2"},{"name":"Movies","url":"https:\/\/api.svpply.com\/v1\/shop\/media\/movies.json","text_color":"#56B2BD","border_color":"#DDF0F2"}]},{"name":"Home","url":"https:\/\/api.svpply.com\/v1\/shop\/home.json","text_color":"#6ABC8B","border_color":"#E1F2E8","children":[{"name":"Kitchen","url":"https:\/\/api.svpply.com\/v1\/shop\/home\/kitchen.json","text_color":"#6ABC8B","border_color":"#E1F2E8","children":[{"name":"Cookware","url":"https:\/\/api.svpply.com\/v1\/shop\/home\/kitchen\/cookware.json","text_color":"#6ABC8B","border_color":"#E1F2E8"},{"name":"Coffee & Tea","url":"https:\/\/api.svpply.com\/v1\/shop\/home\/kitchen\/coffee-tea.json","text_color":"#6ABC8B","border_color":"#E1F2E8"},{"name":"Storage","url":"https:\/\/api.svpply.com\/v1\/shop\/home\/kitchen\/storage.json","text_color":"#6ABC8B","border_color":"#E1F2E8"},{"name":"Cutlery","url":"https:\/\/api.svpply.com\/v1\/shop\/home\/kitchen\/cutlery.json","text_color":"#6ABC8B","border_color":"#E1F2E8"},{"name":"Utensils","url":"https:\/\/api.svpply.com\/v1\/shop\/home\/kitchen\/utensils.json","text_color":"#6ABC8B","border_color":"#E1F2E8"},{"name":"Appliances","url":"https:\/\/api.svpply.com\/v1\/shop\/home\/kitchen\/appliances.json","text_color":"#6ABC8B","border_color":"#E1F2E8"},{"name":"Accessories","url":"https:\/\/api.svpply.com\/v1\/shop\/home\/kitchen\/accessories.json","text_color":"#6ABC8B","border_color":"#E1F2E8"}]},{"name":"Bedding","url":"https:\/\/api.svpply.com\/v1\/shop\/home\/bedding.json","text_color":"#6ABC8B","border_color":"#E1F2E8"},{"name":"Bath","url":"https:\/\/api.svpply.com\/v1\/shop\/home\/bath.json","text_color":"#6ABC8B","border_color":"#E1F2E8"},{"name":"Furniture","url":"https:\/\/api.svpply.com\/v1\/shop\/home\/furniture.json","text_color":"#6ABC8B","border_color":"#E1F2E8"},{"name":"D\u00e9cor","url":"https:\/\/api.svpply.com\/v1\/shop\/home\/decor.json","text_color":"#6ABC8B","border_color":"#E1F2E8","children":[{"name":"Rugs","url":"https:\/\/api.svpply.com\/v1\/shop\/home\/decor\/rugs.json","text_color":"#6ABC8B","border_color":"#E1F2E8"},{"name":"Lighting","url":"https:\/\/api.svpply.com\/v1\/shop\/home\/decor\/lighting.json","text_color":"#6ABC8B","border_color":"#E1F2E8"},{"name":"Accessories","url":"https:\/\/api.svpply.com\/v1\/shop\/home\/decor\/accessories.json","text_color":"#6ABC8B","border_color":"#E1F2E8"},{"name":"Pillows","url":"https:\/\/api.svpply.com\/v1\/shop\/home\/decor\/pillows.json","text_color":"#6ABC8B","border_color":"#E1F2E8"},{"name":"Clocks","url":"https:\/\/api.svpply.com\/v1\/shop\/home\/decor\/clocks.json","text_color":"#6ABC8B","border_color":"#E1F2E8"}]}]},{"name":"Art","url":"https:\/\/api.svpply.com\/v1\/shop\/art.json","text_color":"#68DDAB","border_color":"#E1F8EE","children":[{"name":"3D","url":"https:\/\/api.svpply.com\/v1\/shop\/art\/3d.json","text_color":"#68DDAB","border_color":"#E1F8EE"},{"name":"Posters","url":"https:\/\/api.svpply.com\/v1\/shop\/art\/posters.json","text_color":"#68DDAB","border_color":"#E1F8EE"},{"name":"Photography","url":"https:\/\/api.svpply.com\/v1\/shop\/art\/photography.json","text_color":"#68DDAB","border_color":"#E1F8EE"},{"name":"Collage","url":"https:\/\/api.svpply.com\/v1\/shop\/art\/collage.json","text_color":"#68DDAB","border_color":"#E1F8EE"},{"name":"Supplies","url":"https:\/\/api.svpply.com\/v1\/shop\/art\/supplies.json","text_color":"#68DDAB","border_color":"#E1F8EE"}]},{"name":"Other","url":"https:\/\/api.svpply.com\/v1\/shop\/other.json","text_color":"#666F7E","border_color":"#E0E2E5","children":[{"name":"Booze","url":"https:\/\/api.svpply.com\/v1\/shop\/other\/booze.json","text_color":"#666F7E","border_color":"#E0E2E5"},{"name":"Cycling","url":"https:\/\/api.svpply.com\/v1\/shop\/other\/cycling.json","text_color":"#666F7E","border_color":"#E0E2E5"},{"name":"Toys","url":"https:\/\/api.svpply.com\/v1\/shop\/other\/toys.json","text_color":"#666F7E","border_color":"#E0E2E5"},{"name":"Games","url":"https:\/\/api.svpply.com\/v1\/shop\/other\/games.json","text_color":"#666F7E","border_color":"#E0E2E5"},{"name":"Antiques","url":"https:\/\/api.svpply.com\/v1\/shop\/other\/antiques.json","text_color":"#666F7E","border_color":"#E0E2E5"},{"name":"Pets","url":"https:\/\/api.svpply.com\/v1\/shop\/other\/pets.json","text_color":"#666F7E","border_color":"#E0E2E5"},{"name":"Camping","url":"https:\/\/api.svpply.com\/v1\/shop\/other\/camping.json","text_color":"#666F7E","border_color":"#E0E2E5"},{"name":"Tools","url":"https:\/\/api.svpply.com\/v1\/shop\/other\/tools.json","text_color":"#666F7E","border_color":"#E0E2E5"}]}]}]}}