[{"created_at":"2012-11-19T17:41:31Z","id":15,"is_included":true,"name":"Teen Sensation","updated_at":"2012-11-19T17:41:31Z"},{"created_at":"2012-11-19T17:41:13Z","id":14,"is_included":true,"name":"Country Icons","updated_at":"2012-11-19T17:41:13Z"},{"created_at":"2012-11-19T17:41:01Z","id":13,"is_included":true,"name":"Girl Power","updated_at":"2012-11-19T17:41:01Z"},{"created_at":"2012-11-19T17:40:45Z","id":12,"is_included":true,"name":"Hits","updated_at":"2012-11-19T17:41:38Z"},{"created_at":"2012-11-19T17:40:36Z","id":11,"is_included":true,"name":"Rolling Stones","updated_at":"2012-11-19T17:40:36Z"},{"created_at":"2012-11-19T17:40:22Z","id":10,"is_included":true,"name":"ABBA Classics","updated_at":"2012-11-19T17:40:22Z"},{"created_at":"2012-11-19T17:40:07Z","id":9,"is_included":true,"name":"Date Night","updated_at":"2012-11-19T17:40:07Z"},{"created_at":"2012-11-19T17:39:56Z","id":8,"is_included":true,"name":"Movie Hits","updated_at":"2012-11-19T17:39:56Z"},{"created_at":"2012-11-19T17:39:44Z","id":7,"is_included":true,"name":"Guitar Legends","updated_at":"2012-11-19T17:39:44Z"},{"created_at":"2012-11-19T17:38:53Z","id":6,"is_included":true,"name":"Aphrodisiacs","updated_at":"2012-11-19T17:38:53Z"},{"created_at":"2012-11-19T17:38:28Z","id":5,"is_included":true,"name":"90's","updated_at":"2012-11-19T17:38:28Z"},{"created_at":"2012-11-13T12:23:55Z","id":4,"is_included":true,"name":"80's","updated_at":"2012-11-13T12:24:33Z"}]