[{"artist":"Bonnie Tyler","created_at":"2012-11-19T17:37:25Z","general_preview_url":"","genre_id":4,"google_play_album":"","google_play_song":"","id":35,"itunesId":"https://itunes.apple.com/gb/album/greatest-hits/id217814127","itunesPreviewUrl":"","itunesPurchaseUrl":"","itunesThumbnailUrl":"","title":"Total Eclipse Of The Heart","updated_at":"2012-11-19T17:37:25Z"},{"artist":"Tight Fit","created_at":"2012-11-19T17:36:38Z","general_preview_url":"","genre_id":4,"google_play_album":"","google_play_song":"","id":34,"itunesId":"https://itunes.apple.com/gb/album/100-hits-of-the-80s/id355893419","itunesPreviewUrl":"","itunesPurchaseUrl":"","itunesThumbnailUrl":"","title":"The Lion Sleeps Tonight","updated_at":"2012-11-19T17:36:38Z"},{"artist":"Europe","created_at":"2012-11-19T17:35:51Z","general_preview_url":"","genre_id":4,"google_play_album":"","google_play_song":"","id":33,"itunesId":"https://itunes.apple.com/gb/album/the-definitive-80s/id270787272","itunesPreviewUrl":"","itunesPurchaseUrl":"","itunesThumbnailUrl":"","title":"The Final Countdown","updated_at":"2012-11-19T17:35:51Z"},{"artist":"Rick Astley","created_at":"2012-11-19T17:34:56Z","general_preview_url":"","genre_id":4,"google_play_album":"","google_play_song":"","id":32,"itunesId":"https://itunes.apple.com/gb/album/pete-waterman-presents-hit/id538493763","itunesPreviewUrl":"","itunesPurchaseUrl":"","itunesThumbnailUrl":"","title":"Never Gonna Give You Up","updated_at":"2012-11-19T17:34:56Z"},{"artist":"Sabrina","created_at":"2012-11-19T17:34:04Z","general_preview_url":"","genre_id":4,"google_play_album":"","google_play_song":"","id":31,"itunesId":"https://itunes.apple.com/gb/album/100-hits-of-the-80s/id355893419","itunesPreviewUrl":"","itunesPurchaseUrl":"","itunesThumbnailUrl":"","title":"Boys (Summertime Love)","updated_at":"2012-11-19T17:34:04Z"},{"artist":"Modern Talking","created_at":"2012-11-19T17:33:15Z","general_preview_url":"","genre_id":4,"google_play_album":"","google_play_song":"","id":30,"itunesId":"https://itunes.apple.com/gb/album/100-hits-of-the-80s/id355893419","itunesPreviewUrl":"","itunesPurchaseUrl":"","itunesThumbnailUrl":"","title":"You're My Heart, You're My Soul","updated_at":"2012-11-19T17:33:15Z"},{"artist":"The Jacksons","created_at":"2012-11-19T17:32:12Z","general_preview_url":"","genre_id":4,"google_play_album":"","google_play_song":"","id":29,"itunesId":"https://itunes.apple.com/gb/album/80s-groove/id382456190","itunesPreviewUrl":"","itunesPurchaseUrl":"","itunesThumbnailUrl":"","title":"Can You Feel It","updated_at":"2012-11-19T17:32:12Z"},{"artist":"Irene Cara","created_at":"2012-11-19T17:31:32Z","general_preview_url":"","genre_id":4,"google_play_album":"","google_play_song":"","id":28,"itunesId":"https://itunes.apple.com/gb/album/what-a-feelin/id280711375","itunesPreviewUrl":"","itunesPurchaseUrl":"","itunesThumbnailUrl":"","title":"Flashdance ... What A Feeling","updated_at":"2012-11-19T17:31:32Z"},{"artist":"Michael Jackson","created_at":"2012-11-19T17:30:34Z","general_preview_url":"","genre_id":4,"google_play_album":"","google_play_song":"","id":27,"itunesId":"https://itunes.apple.com/gb/album/thriller/id272678306","itunesPreviewUrl":"","itunesPurchaseUrl":"","itunesThumbnailUrl":"","title":"Billie Jean","updated_at":"2012-11-19T17:30:34Z"},{"artist":"Toto","created_at":"2012-11-19T17:29:53Z","general_preview_url":"","genre_id":4,"google_play_album":"","google_play_song":"","id":26,"itunesId":"https://itunes.apple.com/gb/album/the-definitive-80s/id270787272","itunesPreviewUrl":"","itunesPurchaseUrl":"","itunesThumbnailUrl":"","title":"Africa","updated_at":"2012-11-19T17:29:53Z"},{"artist":"Wham!","created_at":"2012-11-19T17:17:46Z","general_preview_url":"","genre_id":4,"google_play_album":"","google_play_song":"","id":25,"itunesId":"https://itunes.apple.com/gb/album/101-running-songs/id330175129","itunesPreviewUrl":"","itunesPurchaseUrl":"","itunesThumbnailUrl":"","title":"Wake Me Up Before You Go-Go","updated_at":"2012-11-19T17:17:46Z"},{"artist":"The Weather Girls","created_at":"2012-11-19T17:16:39Z","general_preview_url":"","genre_id":4,"google_play_album":"","google_play_song":"","id":24,"itunesId":"https://itunes.apple.com/gb/album/101-running-songs/id330175129","itunesPreviewUrl":"","itunesPurchaseUrl":"","itunesThumbnailUrl":"","title":"It's Raining Men","updated_at":"2012-11-19T17:16:39Z"},{"artist":"Men At Work","created_at":"2012-11-19T17:15:47Z","general_preview_url":"","genre_id":4,"google_play_album":"","google_play_song":"","id":23,"itunesId":"https://itunes.apple.com/gb/album/the-definitive-80s/id270787272","itunesPreviewUrl":"","itunesPurchaseUrl":"","itunesThumbnailUrl":"","title":"Down Under","updated_at":"2012-11-19T17:15:47Z"},{"artist":"Survivor","created_at":"2012-11-19T17:15:03Z","general_preview_url":"","genre_id":4,"google_play_album":"","google_play_song":"","id":22,"itunesId":"https://itunes.apple.com/gb/album/now-thats-what-i-call-running!/id504154230","itunesPreviewUrl":"","itunesPurchaseUrl":"","itunesThumbnailUrl":"","title":"Eye Of The Tiger","updated_at":"2012-11-19T17:15:03Z"},{"artist":"Prince","created_at":"2012-11-19T17:13:48Z","general_preview_url":"","genre_id":4,"google_play_album":"","google_play_song":"","id":21,"itunesId":"https://itunes.apple.com/gb/album/ultimate-prince/id322848495","itunesPreviewUrl":"","itunesPurchaseUrl":"","itunesThumbnailUrl":"","title":"Purple Rain","updated_at":"2012-11-19T17:13:48Z"},{"artist":"Tom Jones","created_at":"2012-11-19T17:13:01Z","general_preview_url":"","genre_id":4,"google_play_album":"","google_play_song":"","id":20,"itunesId":"https://itunes.apple.com/gb/album/reload/id171833492","itunesPreviewUrl":"","itunesPurchaseUrl":"","itunesThumbnailUrl":"","title":"Sexbomb","updated_at":"2012-11-19T17:13:01Z"},{"artist":"The Police","created_at":"2012-11-19T17:12:12Z","general_preview_url":"","genre_id":4,"google_play_album":"","google_play_song":"","id":19,"itunesId":"https://itunes.apple.com/gb/album/very-best-sting-police/id14923444","itunesPreviewUrl":"","itunesPurchaseUrl":"","itunesThumbnailUrl":"","title":"Every Breath You Take","updated_at":"2012-11-19T17:12:12Z"},{"artist":"The Clash","created_at":"2012-11-19T17:11:11Z","general_preview_url":"","genre_id":4,"google_play_album":"","google_play_song":"","id":18,"itunesId":"https://itunes.apple.com/gb/album/london-calling/id207023398","itunesPreviewUrl":"","itunesPurchaseUrl":"","itunesThumbnailUrl":"","title":"London Calling","updated_at":"2012-11-19T17:11:11Z"},{"artist":"Phil Collins ","created_at":"2012-11-19T17:10:09Z","general_preview_url":"","genre_id":4,"google_play_album":"","google_play_song":"","id":17,"itunesId":"https://itunes.apple.com/gb/album/phil-collins-hits/id189533178","itunesPreviewUrl":"","itunesPurchaseUrl":"","itunesThumbnailUrl":"","title":"In The Air Tonight ","updated_at":"2012-11-19T17:10:09Z"},{"artist":"Journey","created_at":"2012-11-19T17:09:06Z","general_preview_url":"","genre_id":4,"google_play_album":"","google_play_song":"","id":16,"itunesId":"https://itunes.apple.com/gb/album/journey-greatest-hits/id169003304","itunesPreviewUrl":"","itunesPurchaseUrl":"","itunesThumbnailUrl":"","title":"Don't Stop Believin'","updated_at":"2012-11-19T17:09:06Z"},{"artist":"Eurythmics","created_at":"2012-11-19T17:08:00Z","general_preview_url":"","genre_id":4,"google_play_album":"","google_play_song":"","id":15,"itunesId":"https://itunes.apple.com/gb/album/eurythmics-greatest-hits/id268544278","itunesPreviewUrl":"","itunesPurchaseUrl":"","itunesThumbnailUrl":"","title":"Sweet Dreams","updated_at":"2012-11-19T17:08:00Z"},{"artist":"Miami Sound Machine","created_at":"2012-11-19T17:07:07Z","general_preview_url":"","genre_id":4,"google_play_album":"","google_play_song":"","id":14,"itunesId":"https://itunes.apple.com/gb/album/the-definitive-80s/id270787272","itunesPreviewUrl":"","itunesPurchaseUrl":"","itunesThumbnailUrl":"","title":"Dr. Beat","updated_at":"2012-11-19T17:07:07Z"},{"artist":"Whitney Houston","created_at":"2012-11-19T17:05:42Z","general_preview_url":"","genre_id":4,"google_play_album":"","google_play_song":"","id":13,"itunesId":"https://itunes.apple.com/gb/album/whitney/id211392929","itunesPreviewUrl":"","itunesPurchaseUrl":"","itunesThumbnailUrl":"","title":"I Wanna Dance With Somebody ","updated_at":"2012-11-19T17:05:42Z"},{"artist":"The Bangles","created_at":"2012-11-19T17:04:42Z","general_preview_url":"","genre_id":4,"google_play_album":"","google_play_song":"","id":12,"itunesId":"https://itunes.apple.com/gb/album/100-hits-of-the-80s/id355893419","itunesPreviewUrl":"","itunesPurchaseUrl":"","itunesThumbnailUrl":"","title":"Walk Like An Egyptian","updated_at":"2012-11-19T17:04:42Z"},{"artist":"Orchestral Manoeuvres In The Dark","created_at":"2012-11-19T17:03:52Z","general_preview_url":"","genre_id":4,"google_play_album":"","google_play_song":"","id":11,"itunesId":"https://itunes.apple.com/gb/album/anthems-electronic-80s/id337542437","itunesPreviewUrl":"","itunesPurchaseUrl":"","itunesThumbnailUrl":"","title":"Enola Gay","updated_at":"2012-11-19T17:03:52Z"},{"artist":"Blondie","created_at":"2012-11-19T17:00:39Z","general_preview_url":"","genre_id":4,"google_play_album":"","google_play_song":"","id":10,"itunesId":"https://itunes.apple.com/gb/album/blondie-greatest-hits/id192605366","itunesPreviewUrl":"","itunesPurchaseUrl":"","itunesThumbnailUrl":"","title":"Call Me","updated_at":"2012-11-19T17:00:39Z"},{"artist":"Cyndi Lauper","created_at":"2012-11-19T16:59:55Z","general_preview_url":"","genre_id":4,"google_play_album":"","google_play_song":"","id":9,"itunesId":"https://itunes.apple.com/gb/album/the-definitive-80s/id270787272","itunesPreviewUrl":"","itunesPurchaseUrl":"","itunesThumbnailUrl":"","title":"Girls Just Wanna Have Fun","updated_at":"2012-11-19T16:59:55Z"},{"artist":"Madonna","created_at":"2012-11-19T16:58:52Z","general_preview_url":"","genre_id":4,"google_play_album":"","google_play_song":"","id":8,"itunesId":"https://itunes.apple.com/gb/album/celebration-deluxe-version/id329519270","itunesPreviewUrl":"","itunesPurchaseUrl":"","itunesThumbnailUrl":"","title":"Like A Virgin","updated_at":"2012-11-19T16:58:52Z"},{"artist":"Michael Jackson","created_at":"2012-11-19T16:57:51Z","general_preview_url":"","genre_id":4,"google_play_album":"","google_play_song":"","id":7,"itunesId":"https://itunes.apple.com/gb/album/thriller/id272678306","itunesPreviewUrl":"","itunesPurchaseUrl":"","itunesThumbnailUrl":"","title":"Thriller","updated_at":"2012-11-19T16:57:51Z"},{"artist":"Kool & The Gang","created_at":"2012-11-19T16:55:14Z","general_preview_url":"","genre_id":4,"google_play_album":"","google_play_song":"","id":6,"itunesId":"https://itunes.apple.com/gb/album/celebration-best-kool-gang/id311737481","itunesPreviewUrl":"","itunesPurchaseUrl":"","itunesThumbnailUrl":"","title":"Celebration","updated_at":"2012-11-19T16:55:14Z"}]