{
  "repositories": [
    {
      "type": "repo",
      "created": "2010-03-31T12:07:59-07:00",
      "pushed_at": "2012-12-18T19:21:35-08:00",
      "watchers": 2412,
      "owner": "cocos2d",
      "pushed": "2012-12-18T19:21:35-08:00",
      "forks": 556,
      "username": "cocos2d",
      "description": "cocos2d for iPhone",
      "language": "Objective-C",
      "fork": false,
      "size": 7128,
      "followers": 2412,
      "name": "cocos2d-iphone",
      "private": false,
      "created_at": "2010-03-31T12:07:59-07:00"
    },
    {
      "type": "repo",
      "created": "2008-10-22T11:45:41-07:00",
      "pushed_at": "2012-06-22T17:03:53-07:00",
      "watchers": 863,
      "owner": "ldandersen",
      "pushed": "2012-06-22T17:03:53-07:00",
      "forks": 133,
      "username": "ldandersen",
      "description": "Open source iPhone code",
      "language": "Objective-C",
      "fork": false,
      "size": 164,
      "followers": 863,
      "name": "scifihifi-iphone",
      "private": false,
      "created_at": "2008-10-22T11:45:41-07:00"
    },
    {
      "type": "repo",
      "created": "2009-04-14T11:41:03-07:00",
      "pushed_at": "2011-10-21T01:41:26-07:00",
      "watchers": 900,
      "owner": "erica",
      "pushed": "2011-10-21T01:41:26-07:00",
      "forks": 166,
      "username": "erica",
      "description": "Sample Code",
      "language": "Objective-C",
      "fork": false,
      "size": 312,
      "followers": 900,
      "name": "iphone-3.0-cookbook-",
      "private": false,
      "created_at": "2009-04-14T11:41:03-07:00"
    },
    {
      "type": "repo",
      "created": "2009-06-04T11:23:51-07:00",
      "pushed_at": "2012-07-03T07:54:22-07:00",
      "watchers": 488,
      "owner": "c99koder",
      "pushed": "2012-07-03T07:54:22-07:00",
      "forks": 80,
      "username": "c99koder",
      "description": "The official Last.fm iPhone application",
      "language": "Objective-C",
      "fork": false,
      "size": 3072,
      "followers": 488,
      "name": "lastfm-iphone",
      "private": false,
      "created_at": "2009-06-04T11:23:51-07:00"
    },
    {
      "type": "repo",
      "created": "2009-07-27T04:47:29-07:00",
      "pushed_at": "2012-10-11T13:21:17-07:00",
      "watchers": 778,
      "owner": "bengottlieb",
      "pushed": "2012-10-11T13:21:17-07:00",
      "forks": 150,
      "username": "bengottlieb",
      "description": "An easy way to get Twitter authenticating with OAuth on iPhone",
      "language": "Objective-C",
      "fork": false,
      "size": 160,
      "followers": 778,
      "name": "Twitter-OAuth-iPhone",
      "private": false,
      "created_at": "2009-07-27T04:47:29-07:00"
    },
    {
      "type": "repo",
      "created": "2012-08-12T21:10:01-07:00",
      "pushed_at": "2012-12-04T00:38:38-08:00",
      "watchers": 159,
      "owner": "oschina",
      "pushed": "2012-12-04T00:38:38-08:00",
      "forks": 146,
      "username": "oschina",
      "description": "OSCHINA 的 iPhone 客户端源码，可直接在 App Store上搜索“开源中国”来安装此app",
      "language": "Objective-C",
      "fork": false,
      "size": 284,
      "followers": 159,
      "name": "iphone-app",
      "private": false,
      "created_at": "2012-08-12T21:10:01-07:00"
    },
    {
      "type": "repo",
      "created": "2009-02-18T22:31:51-08:00",
      "pushed_at": "2012-10-18T02:30:54-07:00",
      "watchers": 7153,
      "owner": "facebook",
      "pushed": "2012-10-18T02:30:54-07:00",
      "forks": 1294,
      "username": "facebook",
      "description": "Three20 is an Objective-C library for iPhone developers",
      "language": "Objective-C",
      "fork": false,
      "size": 4608,
      "followers": 7153,
      "name": "three20",
      "private": false,
      "created_at": "2009-02-18T22:31:51-08:00"
    },
    {
      "type": "repo",
      "created": "2009-06-15T20:34:15-07:00",
      "pushed_at": "2012-10-31T10:58:15-07:00",
      "watchers": 539,
      "owner": "tdreyno",
      "pushed": "2012-10-31T10:58:15-07:00",
      "forks": 88,
      "username": "tdreyno",
      "description": "Turn your checkboxes into iOS-style binary switches",
      "language": "CoffeeScript",
      "fork": false,
      "size": 148,
      "followers": 539,
      "name": "iphone-style-checkboxes",
      "private": false,
      "created_at": "2009-06-15T20:34:15-07:00"
    },
    {
      "type": "repo",
      "created": "2009-07-08T12:58:18-07:00",
      "pushed_at": "2010-06-08T13:00:14-07:00",
      "watchers": 496,
      "owner": "kennytm",
      "pushed": "2010-06-08T13:00:14-07:00",
      "forks": 85,
      "username": "kennytm",
      "description": "Headers for private frameworks or undocumented interfaces of iPhoneOS 3.x or before (4.x is not supported yet).",
      "language": "C",
      "fork": false,
      "size": 284,
      "followers": 496,
      "name": "iphone-private-frameworks",
      "private": false,
      "created_at": "2009-07-08T12:58:18-07:00"
    },
    {
      "type": "repo",
      "created": "2011-05-30T08:37:32-07:00",
      "pushed_at": "2012-04-22T05:58:55-07:00",
      "watchers": 520,
      "owner": "cocos2d",
      "pushed": "2012-04-22T05:58:55-07:00",
      "forks": 117,
      "username": "cocos2d",
      "description": "3rd party extensions for cocos2d for iPHone",
      "language": "Objective-C",
      "fork": false,
      "size": 396,
      "followers": 520,
      "name": "cocos2d-iphone-extensions",
      "private": false,
      "created_at": "2011-05-30T08:37:32-07:00"
    },
    {
      "type": "repo",
      "created": "2010-11-18T15:17:00-08:00",
      "pushed_at": "2012-12-16T23:40:28-08:00",
      "watchers": 1003,
      "owner": "cocos2d",
      "pushed": "2012-12-16T23:40:28-08:00",
      "forks": 487,
      "username": "cocos2d",
      "description": "Port of cocos2d-iphone in C++",
      "language": "C",
      "fork": false,
      "size": 9644,
      "followers": 1003,
      "name": "cocos2d-x",
      "private": false,
      "created_at": "2010-11-18T15:17:00-08:00"
    },
    {
      "type": "repo",
      "created": "2011-01-06T13:21:52-08:00",
      "pushed_at": "2012-08-25T09:20:18-07:00",
      "watchers": 336,
      "owner": "gdavis",
      "pushed": "2012-08-25T09:20:18-07:00",
      "forks": 82,
      "username": "gdavis",
      "description": "Objective-C based gallery for iPhones",
      "language": "Objective-C",
      "fork": false,
      "size": 164,
      "followers": 336,
      "name": "FGallery-iPhone",
      "private": false,
      "created_at": "2011-01-06T13:21:52-08:00"
    },
    {
      "type": "repo",
      "created": "2009-03-05T10:28:43-08:00",
      "pushed_at": "2011-05-08T18:00:18-07:00",
      "watchers": 390,
      "owner": "niw",
      "pushed": "2011-05-08T18:00:18-07:00",
      "forks": 67,
      "username": "niw",
      "description": "Test application for iPhone with OpenCV library",
      "language": "C++",
      "fork": false,
      "size": 12344,
      "followers": 390,
      "name": "iphone_opencv_test",
      "private": false,
      "created_at": "2009-03-05T10:28:43-08:00"
    },
    {
      "type": "repo",
      "created": "2009-05-15T19:07:23-07:00",
      "pushed_at": "2012-11-14T08:22:14-08:00",
      "watchers": 998,
      "owner": "atebits",
      "pushed": "2012-11-14T08:22:14-08:00",
      "forks": 107,
      "username": "atebits",
      "description": "Screencasting for iPhone",
      "language": "Objective-C",
      "fork": false,
      "size": 172,
      "followers": 998,
      "name": "SimFinger",
      "private": false,
      "created_at": "2009-05-15T19:07:23-07:00"
    },
    {
      "type": "repo",
      "created": "2009-12-31T13:26:00-08:00",
      "pushed_at": "2011-04-11T20:56:45-07:00",
      "watchers": 284,
      "owner": "nolanbrown",
      "pushed": "2011-04-11T20:56:45-07:00",
      "forks": 65,
      "username": "nolanbrown",
      "description": "Demo iPhone app utilizing the tesseract library for OCR",
      "language": "C++",
      "fork": false,
      "size": 188,
      "followers": 284,
      "name": "Tesseract-iPhone-Demo",
      "private": false,
      "created_at": "2009-12-31T13:26:00-08:00"
    },
    {
      "type": "repo",
      "created": "2010-07-14T10:48:47-07:00",
      "pushed_at": "2012-12-14T16:58:55-08:00",
      "watchers": 117,
      "owner": "mixpanel",
      "pushed": "2012-12-14T16:58:55-08:00",
      "forks": 42,
      "username": "mixpanel",
      "description": "iPhone tracking library for Mixpanel Analytics",
      "language": "Objective-C",
      "fork": false,
      "size": 288,
      "followers": 117,
      "name": "mixpanel-iphone",
      "private": false,
      "created_at": "2010-07-14T10:48:47-07:00"
    },
    {
      "type": "repo",
      "created": "2010-02-03T04:27:50-08:00",
      "pushed_at": "2012-02-01T15:29:10-08:00",
      "watchers": 147,
      "owner": "wikimedia",
      "pushed": "2012-02-01T15:29:10-08:00",
      "forks": 34,
      "username": "wikimedia",
      "description": "",
      "language": "Objective-C",
      "fork": false,
      "size": 292,
      "followers": 147,
      "name": "wikipedia-iphone",
      "private": false,
      "created_at": "2010-02-03T04:27:50-08:00"
    },
    {
      "type": "repo",
      "created": "2010-06-12T12:40:45-07:00",
      "pushed_at": "2012-12-05T09:40:55-08:00",
      "watchers": 469,
      "owner": "kstenerud",
      "pushed": "2012-12-05T09:40:55-08:00",
      "forks": 52,
      "username": "kstenerud",
      "description": "Mac and iOS Audio development, minus the headache. ObjectAL is the easy Objective-C interface to OpenAL, AVAudioPlayer, and audio session management.",
      "language": "Objective-C",
      "fork": false,
      "size": 348,
      "followers": 469,
      "name": "ObjectAL-for-iPhone",
      "private": false,
      "created_at": "2010-06-12T12:40:45-07:00"
    },
    {
      "type": "repo",
      "created": "2009-08-17T09:50:47-07:00",
      "pushed_at": "2011-10-16T18:07:47-07:00",
      "watchers": 828,
      "owner": "thefaj",
      "pushed": "2011-10-16T18:07:47-07:00",
      "forks": 150,
      "username": "thefaj",
      "description": "CoverFlow API replacement for the iPhone",
      "language": "Objective-C",
      "fork": false,
      "size": 204,
      "followers": 828,
      "name": "OpenFlow",
      "private": false,
      "created_at": "2009-08-17T09:50:47-07:00"
    },
    {
      "type": "repo",
      "created": "2010-07-06T13:25:58-07:00",
      "pushed_at": "2011-10-31T11:51:02-07:00",
      "watchers": 1744,
      "owner": "ideashower",
      "pushed": "2011-10-31T11:51:02-07:00",
      "forks": 386,
      "username": "ideashower",
      "description": "Drop in sharing features for all iPhone and iPad apps",
      "language": "Objective-C",
      "fork": false,
      "size": 812,
      "followers": 1744,
      "name": "ShareKit",
      "private": false,
      "created_at": "2010-07-06T13:25:58-07:00"
    },
    {
      "type": "repo",
      "created": "2009-05-01T11:40:01-07:00",
      "pushed_at": "2012-07-12T22:04:08-07:00",
      "watchers": 391,
      "owner": "haqu",
      "pushed": "2012-07-12T22:04:08-07:00",
      "forks": 86,
      "username": "haqu",
      "description": "iPhone game",
      "language": "Objective-C",
      "fork": false,
      "size": 180,
      "followers": 391,
      "name": "tweejump",
      "private": false,
      "created_at": "2009-05-01T11:40:01-07:00"
    },
    {
      "type": "repo",
      "created": "2010-05-28T13:52:32-07:00",
      "pushed_at": "2012-12-14T14:45:44-08:00",
      "watchers": 144,
      "owner": "uservoice",
      "pushed": "2012-12-14T14:45:44-08:00",
      "forks": 57,
      "username": "uservoice",
      "description": "UserVoice for iOS SDK for iPhone and iPad apps",
      "language": "Objective-C",
      "fork": false,
      "size": 67453,
      "followers": 144,
      "name": "uservoice-iphone-sdk",
      "private": false,
      "created_at": "2010-05-28T13:52:32-07:00"
    },
    {
      "type": "repo",
      "created": "2011-09-04T10:14:37-07:00",
      "pushed_at": "2012-12-14T09:10:22-08:00",
      "watchers": 1185,
      "owner": "ShareKit",
      "pushed": "2012-12-14T09:10:22-08:00",
      "forks": 434,
      "username": "ShareKit",
      "description": "Drop in sharing features for all iPhone and iPad apps",
      "language": "Objective-C",
      "fork": false,
      "size": 638,
      "followers": 1185,
      "name": "ShareKit",
      "private": false,
      "created_at": "2011-09-04T10:14:37-07:00"
    },
    {
      "type": "repo",
      "created": "2009-07-13T11:40:48-07:00",
      "pushed_at": "2012-05-22T02:54:53-07:00",
      "watchers": 1210,
      "owner": "capttaco",
      "pushed": "2012-05-22T02:54:53-07:00",
      "forks": 87,
      "username": "capttaco",
      "description": "Framework for iPhone wireframes",
      "language": "Objective-C",
      "fork": false,
      "size": 128,
      "followers": 1210,
      "name": "Briefs",
      "private": false,
      "created_at": "2009-07-13T11:40:48-07:00"
    },
    {
      "type": "repo",
      "created": "2010-10-21T06:51:05-07:00",
      "pushed_at": "2012-12-17T08:28:09-08:00",
      "watchers": 90,
      "owner": "mixare",
      "pushed": "2012-12-17T08:28:09-08:00",
      "forks": 28,
      "username": "mixare",
      "description": "mixare (mix Augmented Reality Engine) is a free open source augmented reality browser, which is published under the GPLv3. This repository contains the iphone version",
      "language": "Objective-C",
      "fork": false,
      "size": 344,
      "followers": 90,
      "name": "mixare-iphone",
      "private": false,
      "created_at": "2010-10-21T06:51:05-07:00"
    },
    {
      "type": "repo",
      "created": "2011-04-04T19:07:42-07:00",
      "pushed_at": "2012-11-08T21:27:45-08:00",
      "watchers": 588,
      "owner": "Xuzz",
      "pushed": "2012-11-08T21:27:45-08:00",
      "forks": 118,
      "username": "Xuzz",
      "description": "An iPhone Hacker News client.",
      "language": "Objective-C",
      "fork": false,
      "size": 228,
      "followers": 588,
      "name": "newsyc",
      "private": false,
      "created_at": "2011-04-04T19:07:42-07:00"
    },
    {
      "type": "repo",
      "created": "2008-08-03T11:00:05-07:00",
      "pushed_at": "2009-12-03T17:28:39-08:00",
      "watchers": 1694,
      "owner": "sintaxi",
      "pushed": "2009-12-03T17:28:39-08:00",
      "forks": 631,
      "username": "sintaxi",
      "description": "access core functions on Android, iPhone and Blackberry using JavaScript",
      "language": "JavaScript",
      "fork": false,
      "size": 608,
      "followers": 1694,
      "name": "phonegap",
      "private": false,
      "created_at": "2008-08-03T11:00:05-07:00"
    },
    {
      "type": "repo",
      "created": "2011-08-17T15:21:46-07:00",
      "pushed_at": "2011-11-24T14:34:30-08:00",
      "watchers": 85,
      "owner": "yoshiokatsuneo",
      "pushed": "2011-11-24T14:34:30-08:00",
      "forks": 26,
      "username": "yoshiokatsuneo",
      "description": "CamLingual for iPhone(iOS)",
      "language": "Objective-C",
      "fork": false,
      "size": 120,
      "followers": 85,
      "name": "camlingual_iphone",
      "private": false,
      "created_at": "2011-08-17T15:21:46-07:00"
    },
    {
      "type": "repo",
      "created": "2010-07-25T10:44:33-07:00",
      "pushed_at": "2012-08-08T14:59:53-07:00",
      "watchers": 1682,
      "owner": "leah",
      "pushed": "2012-08-08T14:59:53-07:00",
      "forks": 203,
      "username": "leah",
      "description": "A simple iPhone TableViewController for adding pull-to-refresh functionality.",
      "language": "Objective-C",
      "fork": false,
      "size": 176,
      "followers": 1682,
      "name": "PullToRefresh",
      "private": false,
      "created_at": "2010-07-25T10:44:33-07:00"
    },
    {
      "type": "repo",
      "created": "2009-04-23T01:21:13-07:00",
      "pushed_at": "2011-09-20T01:59:01-07:00",
      "watchers": 229,
      "owner": "tapsandswipes",
      "pushed": "2011-09-20T01:59:01-07:00",
      "forks": 26,
      "username": "tapsandswipes",
      "description": "A pie menu implementation specially designed for iPhone and iPod touch",
      "language": "Objective-C",
      "fork": false,
      "size": 120,
      "followers": 229,
      "name": "iphone-pie-menu",
      "private": false,
      "created_at": "2009-04-23T01:21:13-07:00"
    },
    {
      "type": "repo",
      "created": "2011-06-08T01:38:54-07:00",
      "pushed_at": "2012-11-15T04:47:00-08:00",
      "watchers": 588,
      "owner": "haqu",
      "pushed": "2012-11-15T04:47:00-08:00",
      "forks": 86,
      "username": "haqu",
      "description": "Remake of the popular iPhone game.",
      "language": "Objective-C",
      "fork": false,
      "size": 208,
      "followers": 588,
      "name": "tiny-wings",
      "private": false,
      "created_at": "2011-06-08T01:38:54-07:00"
    },
    {
      "type": "repo",
      "created": "2008-07-14T14:43:50-07:00",
      "pushed_at": "2012-07-30T08:22:30-07:00",
      "watchers": 4289,
      "owner": "pokeb",
      "pushed": "2012-07-30T08:22:30-07:00",
      "forks": 806,
      "username": "pokeb",
      "description": "Easy to use CFNetwork wrapper for HTTP requests, Objective-C,  Mac OS X and iPhone",
      "language": "Objective-C",
      "fork": false,
      "size": 864,
      "followers": 4289,
      "name": "asi-http-request",
      "private": false,
      "created_at": "2008-07-14T14:43:50-07:00"
    },
    {
      "type": "repo",
      "created": "2009-12-18T19:46:11-08:00",
      "pushed_at": "2012-05-26T07:16:36-07:00",
      "watchers": 234,
      "owner": "nielswh",
      "pushed": "2012-05-26T07:16:36-07:00",
      "forks": 45,
      "username": "nielswh",
      "description": "An Objective-C augmented reality kit for iPhone. Forked from the iphonearkit.",
      "language": "Objective-C",
      "fork": true,
      "size": 152,
      "followers": 234,
      "name": "iPhone-AR-Toolkit",
      "private": false,
      "created_at": "2009-12-18T19:46:11-08:00"
    },
    {
      "type": "repo",
      "created": "2012-08-16T22:41:57-07:00",
      "pushed_at": "2012-11-17T12:14:34-08:00",
      "watchers": 3136,
      "owner": "maker",
      "pushed": "2012-11-17T12:14:34-08:00",
      "forks": 256,
      "username": "maker",
      "description": "Prototype iPhone apps with simple HTML, CSS, and JS components. ",
      "language": "JavaScript",
      "fork": false,
      "size": 616,
      "followers": 3136,
      "name": "ratchet",
      "private": false,
      "created_at": "2012-08-16T22:41:57-07:00"
    },
    {
      "type": "repo",
      "created": "2010-04-17T11:58:21-07:00",
      "pushed_at": "2012-09-28T18:11:00-07:00",
      "watchers": 1920,
      "owner": "AlanQuatermain",
      "pushed": "2012-09-28T18:11:00-07:00",
      "forks": 354,
      "username": "AlanQuatermain",
      "description": "A grid view for iPhone/iPad, designed to look similar to NSCollectionView.",
      "language": "Objective-C",
      "fork": false,
      "size": 216,
      "followers": 1920,
      "name": "AQGridView",
      "private": false,
      "created_at": "2010-04-17T11:58:21-07:00"
    },
    {
      "type": "repo",
      "created": "2009-12-19T08:28:14-08:00",
      "pushed_at": "2012-11-30T10:15:53-08:00",
      "watchers": 989,
      "owner": "klazuka",
      "pushed": "2012-11-30T10:15:53-08:00",
      "forks": 201,
      "username": "klazuka",
      "description": "A calendar component for the iPhone (the UI is designed to match MobileCal)",
      "language": "Objective-C",
      "fork": false,
      "size": 176,
      "followers": 989,
      "name": "Kal",
      "private": false,
      "created_at": "2009-12-19T08:28:14-08:00"
    },
    {
      "type": "repo",
      "created": "2008-12-12T10:32:57-08:00",
      "pushed_at": "2011-06-08T10:55:43-07:00",
      "watchers": 94,
      "owner": "hamedh",
      "pushed": "2011-06-08T10:55:43-07:00",
      "forks": 18,
      "username": "hamedh",
      "description": "iPhone Internet Radio Streaming Application",
      "language": null,
      "fork": false,
      "size": 116,
      "followers": 94,
      "name": "iphone_radio",
      "private": false,
      "created_at": "2008-12-12T10:32:57-08:00"
    },
    {
      "type": "repo",
      "created": "2011-12-01T16:58:14-08:00",
      "pushed_at": "2012-06-08T17:01:51-07:00",
      "watchers": 167,
      "owner": "toffer",
      "pushed": "2012-06-08T17:01:51-07:00",
      "forks": 24,
      "username": "toffer",
      "description": "Backup your iPhone SMS text messages.",
      "language": "Python",
      "fork": false,
      "size": 156,
      "followers": 167,
      "name": "iphone-sms-backup",
      "private": false,
      "created_at": "2011-12-01T16:58:14-08:00"
    },
    {
      "type": "repo",
      "created": "2008-10-22T04:43:22-07:00",
      "pushed_at": "2008-11-12T10:48:11-08:00",
      "watchers": 138,
      "owner": "leonho",
      "pushed": "2008-11-12T10:48:11-08:00",
      "forks": 14,
      "username": "leonho",
      "description": "Varies useful libs, classes, and methods for iPhone development",
      "language": "Objective-C",
      "fork": false,
      "size": 136,
      "followers": 138,
      "name": "iphone-libs",
      "private": false,
      "created_at": "2008-10-22T04:43:22-07:00"
    },
    {
      "type": "repo",
      "created": "2012-02-21T04:14:31-08:00",
      "pushed_at": "2012-11-15T14:06:29-08:00",
      "watchers": 634,
      "owner": "yyx990803",
      "pushed": "2012-11-15T14:06:29-08:00",
      "forks": 106,
      "username": "yyx990803",
      "description": "A replica of the Clear iphone app in HTML5",
      "language": "JavaScript",
      "fork": false,
      "size": 156,
      "followers": 634,
      "name": "HTML5-Clear",
      "private": false,
      "created_at": "2012-02-21T04:14:31-08:00"
    },
    {
      "type": "repo",
      "created": "2010-10-12T22:10:01-07:00",
      "pushed_at": "2012-03-27T19:10:36-07:00",
      "watchers": 447,
      "owner": "ittybittydude",
      "pushed": "2012-03-27T19:10:36-07:00",
      "forks": 74,
      "username": "ittybittydude",
      "description": "A simple iPhone forms library",
      "language": "Objective-C",
      "fork": false,
      "size": 268,
      "followers": 447,
      "name": "IBAForms",
      "private": false,
      "created_at": "2010-10-12T22:10:01-07:00"
    },
    {
      "type": "repo",
      "created": "2010-02-09T10:28:20-08:00",
      "pushed_at": "2011-08-29T08:12:58-07:00",
      "watchers": 139,
      "owner": "marforic",
      "pushed": "2011-08-29T08:12:58-07:00",
      "forks": 24,
      "username": "marforic",
      "description": "Script and instructions to compile imagemagick as a static library to use in any iPhone project",
      "language": "C",
      "fork": false,
      "size": 140,
      "followers": 139,
      "name": "imagemagick_lib_iphone",
      "private": false,
      "created_at": "2010-02-09T10:28:20-08:00"
    },
    {
      "type": "repo",
      "created": "2009-09-07T16:27:53-07:00",
      "pushed_at": "2012-12-17T13:27:13-08:00",
      "watchers": 1533,
      "owner": "arashpayan",
      "pushed": "2012-12-17T13:27:13-08:00",
      "forks": 265,
      "username": "arashpayan",
      "description": "A utility that reminds your iPhone app's users to review the app.",
      "language": "Objective-C",
      "fork": false,
      "size": 228,
      "followers": 1533,
      "name": "appirater",
      "private": false,
      "created_at": "2009-09-07T16:27:53-07:00"
    },
    {
      "type": "repo",
      "created": "2010-01-14T15:56:45-08:00",
      "pushed_at": "2010-09-09T11:37:28-07:00",
      "watchers": 79,
      "owner": "dropcam",
      "pushed": "2010-09-09T11:37:28-07:00",
      "forks": 32,
      "username": "dropcam",
      "description": "",
      "language": "C",
      "fork": false,
      "size": 236,
      "followers": 79,
      "name": "dropcam_for_iphone",
      "private": false,
      "created_at": "2010-01-14T15:56:45-08:00"
    },
    {
      "type": "repo",
      "created": "2009-09-08T15:41:48-07:00",
      "pushed_at": "2009-10-27T21:10:38-07:00",
      "watchers": 703,
      "owner": "zac",
      "pushed": "2009-10-27T21:10:38-07:00",
      "forks": 158,
      "username": "zac",
      "description": "An Objective-C augmented reality kit for iPhone.",
      "language": "Objective-C",
      "fork": false,
      "size": 120,
      "followers": 703,
      "name": "iphonearkit",
      "private": false,
      "created_at": "2009-09-08T15:41:48-07:00"
    },
    {
      "type": "repo",
      "created": "2008-05-23T22:14:00-07:00",
      "pushed_at": "2010-07-01T11:00:49-07:00",
      "watchers": 326,
      "owner": "planetbeing",
      "pushed": "2010-07-01T11:00:49-07:00",
      "forks": 73,
      "username": "planetbeing",
      "description": "Port Linux to the iPhone",
      "language": "C",
      "fork": false,
      "size": 256,
      "followers": 326,
      "name": "iphonelinux",
      "private": false,
      "created_at": "2008-05-23T22:14:00-07:00"
    },
    {
      "type": "repo",
      "created": "2011-11-30T05:17:12-08:00",
      "pushed_at": "2012-05-27T04:44:26-07:00",
      "watchers": 122,
      "owner": "sergiomtzlosa",
      "pushed": "2012-05-27T04:44:26-07:00",
      "forks": 23,
      "username": "sergiomtzlosa",
      "description": "Wrapper class for iPhone to detect faces from face.com (developer.face.com)",
      "language": "Objective-C",
      "fork": false,
      "size": 240,
      "followers": 122,
      "name": "faceWrapper-iphone",
      "private": false,
      "created_at": "2011-11-30T05:17:12-08:00"
    },
    {
      "type": "repo",
      "created": "2010-05-12T19:50:24-07:00",
      "pushed_at": "2011-11-07T08:54:47-08:00",
      "watchers": 165,
      "owner": "clarkware",
      "pushed": "2011-11-07T08:54:47-08:00",
      "forks": 19,
      "username": "clarkware",
      "description": "Material for my RailsConf 2010 tutorial",
      "language": "Objective-C",
      "fork": false,
      "size": 120,
      "followers": 165,
      "name": "iphone-rails-tutorial",
      "private": false,
      "created_at": "2010-05-12T19:50:24-07:00"
    },
    {
      "type": "repo",
      "created": "2010-07-25T05:27:11-07:00",
      "pushed_at": "2010-07-25T06:38:45-07:00",
      "watchers": 82,
      "owner": "joelind",
      "pushed": "2010-07-25T06:38:45-07:00",
      "forks": 15,
      "username": "joelind",
      "description": "A build of Zebra Crossing (http://code.google.com/p/zxing/) for ios 4",
      "language": "Java",
      "fork": false,
      "size": 640,
      "followers": 82,
      "name": "zxing-iphone",
      "private": false,
      "created_at": "2010-07-25T05:27:11-07:00"
    },
    {
      "type": "repo",
      "created": "2010-02-04T05:57:05-08:00",
      "pushed_at": "2012-09-21T13:23:57-07:00",
      "watchers": 125,
      "owner": "x2on",
      "pushed": "2012-09-21T13:23:57-07:00",
      "forks": 34,
      "username": "x2on",
      "description": "An Example XCode-Project with script for compiling OpenSSL for iOS Devices (iPhone, iPod Touch, iPad)",
      "language": "C",
      "fork": false,
      "size": 168,
      "followers": 125,
      "name": "OpenSSL-for-iPhone",
      "private": false,
      "created_at": "2010-02-04T05:57:05-08:00"
    },
    {
      "type": "repo",
      "created": "2010-01-12T01:37:53-08:00",
      "pushed_at": "2012-12-17T05:21:54-08:00",
      "watchers": 1410,
      "owner": "futuretap",
      "pushed": "2012-12-17T05:21:54-08:00",
      "forks": 222,
      "username": "futuretap",
      "description": "This iPhone framework allows settings to be in-app in addition to being in the Settings app",
      "language": "Objective-C",
      "fork": false,
      "size": 248,
      "followers": 1410,
      "name": "InAppSettingsKit",
      "private": false,
      "created_at": "2010-01-12T01:37:53-08:00"
    },
    {
      "type": "repo",
      "created": "2009-06-24T18:03:08-07:00",
      "pushed_at": "2009-09-26T18:18:32-07:00",
      "watchers": 193,
      "owner": "mattvague",
      "pushed": "2009-09-26T18:18:32-07:00",
      "forks": 25,
      "username": "mattvague",
      "description": "The accompanying code for my three20 iPhone tutorials at http://www.mattvague.com/blog",
      "language": "Objective-C",
      "fork": false,
      "size": 376,
      "followers": 193,
      "name": "three20-iPhone-tutorials",
      "private": false,
      "created_at": "2009-06-24T18:03:08-07:00"
    },
    {
      "type": "repo",
      "created": "2009-05-05T10:48:46-07:00",
      "pushed_at": "2012-12-17T18:49:36-08:00",
      "watchers": 2452,
      "owner": "phonegap",
      "pushed": "2012-12-17T18:49:36-08:00",
      "forks": 421,
      "username": "phonegap",
      "description": "access core functions on Android, iPhone and Blackberry using JavaScript",
      "language": "JavaScript",
      "fork": true,
      "size": 2348,
      "followers": 2452,
      "name": "phonegap",
      "private": false,
      "created_at": "2009-05-05T10:48:46-07:00"
    },
    {
      "type": "repo",
      "created": "2010-01-08T17:20:28-08:00",
      "pushed_at": "2010-03-31T10:57:03-07:00",
      "watchers": 3,
      "owner": "infil00p",
      "pushed": "2010-03-31T10:57:03-07:00",
      "forks": 163,
      "username": "infil00p",
      "description": "iPhone OS implementation of the PhoneGap API",
      "language": "Objective-C",
      "fork": false,
      "size": 116,
      "followers": 3,
      "name": "phonegap-iphone",
      "private": false,
      "created_at": "2010-01-08T17:20:28-08:00"
    },
    {
      "type": "repo",
      "created": "2009-06-11T13:55:04-07:00",
      "pushed_at": "2012-06-04T11:13:22-07:00",
      "watchers": 697,
      "owner": "neror",
      "pushed": "2012-06-04T11:13:22-07:00",
      "forks": 67,
      "username": "neror",
      "description": "iPhone utilities mostly for Core Animation",
      "language": "Objective-C",
      "fork": false,
      "size": 3747,
      "followers": 697,
      "name": "ftutils",
      "private": false,
      "created_at": "2009-06-11T13:55:04-07:00"
    },
    {
      "type": "repo",
      "created": "2010-03-21T20:37:07-07:00",
      "pushed_at": "2010-04-11T17:00:04-07:00",
      "watchers": 92,
      "owner": "gabriel",
      "pushed": "2010-04-11T17:00:04-07:00",
      "forks": 25,
      "username": "gabriel",
      "description": "Build scripts for building ffmpeg on iPhone",
      "language": "Perl",
      "fork": false,
      "size": 116,
      "followers": 92,
      "name": "ffmpeg-iphone-build",
      "private": false,
      "created_at": "2010-03-21T20:37:07-07:00"
    },
    {
      "type": "repo",
      "created": "2010-11-06T03:52:17-07:00",
      "pushed_at": "2011-10-15T20:19:52-07:00",
      "watchers": 553,
      "owner": "briancollins",
      "pushed": "2011-10-15T20:19:52-07:00",
      "forks": 73,
      "username": "briancollins",
      "description": "a Tweetie-style tab bar for the iPhone",
      "language": "Objective-C",
      "fork": false,
      "size": 132,
      "followers": 553,
      "name": "BCTabBarController",
      "private": false,
      "created_at": "2010-11-06T03:52:17-07:00"
    },
    {
      "type": "repo",
      "created": "2009-07-08T17:23:48-07:00",
      "pushed_at": "2010-01-20T09:30:04-08:00",
      "watchers": 131,
      "owner": "pmark",
      "pushed": "2010-01-20T09:30:04-08:00",
      "forks": 19,
      "username": "pmark",
      "description": "Objective-C and Cocoa Touch extensions one might expect to already be there.",
      "language": "Objective-C",
      "fork": false,
      "size": 100,
      "followers": 131,
      "name": "Helpful-iPhone-Utilities",
      "private": false,
      "created_at": "2009-07-08T17:23:48-07:00"
    },
    {
      "type": "repo",
      "created": "2009-10-19T19:27:09-07:00",
      "pushed_at": "2012-03-28T11:22:23-07:00",
      "watchers": 633,
      "owner": "enormego",
      "pushed": "2012-03-28T11:22:23-07:00",
      "forks": 127,
      "username": "enormego",
      "description": "What if images on the iPhone were as easy as HTML?",
      "language": "Objective-C",
      "fork": false,
      "size": 236,
      "followers": 633,
      "name": "EGOImageLoading",
      "private": false,
      "created_at": "2009-10-19T19:27:09-07:00"
    },
    {
      "type": "repo",
      "created": "2008-09-22T09:46:32-07:00",
      "pushed_at": "2011-01-11T01:19:43-08:00",
      "watchers": 60,
      "owner": "jeremywohl",
      "pushed": "2011-01-11T01:19:43-08:00",
      "forks": 16,
      "username": "jeremywohl",
      "description": "iPhone- and App Store-related items",
      "language": null,
      "fork": false,
      "size": 192,
      "followers": 60,
      "name": "iphone-scripts",
      "private": false,
      "created_at": "2008-09-22T09:46:32-07:00"
    },
    {
      "type": "repo",
      "created": "2010-06-17T11:53:07-07:00",
      "pushed_at": "2012-01-14T16:57:38-08:00",
      "watchers": 301,
      "owner": "reddit",
      "pushed": "2012-01-14T16:57:38-08:00",
      "forks": 56,
      "username": "reddit",
      "description": "The iReddit iPhone app",
      "language": "Objective-C",
      "fork": false,
      "size": 324,
      "followers": 301,
      "name": "iReddit",
      "private": false,
      "created_at": "2010-06-17T11:53:07-07:00"
    },
    {
      "type": "repo",
      "created": "2011-01-17T07:05:02-08:00",
      "pushed_at": "2011-10-29T03:44:11-07:00",
      "watchers": 496,
      "owner": "atomton",
      "pushed": "2011-10-29T03:44:11-07:00",
      "forks": 66,
      "username": "atomton",
      "description": "Library for the creation of HUDs in iPhone applications.",
      "language": "Objective-C",
      "fork": false,
      "size": 136,
      "followers": 496,
      "name": "ATMHud",
      "private": false,
      "created_at": "2011-01-17T07:05:02-08:00"
    },
    {
      "type": "repo",
      "created": "2009-02-06T11:24:15-08:00",
      "pushed_at": "2009-03-06T10:02:14-08:00",
      "watchers": 240,
      "owner": "ars",
      "pushed": "2009-03-06T10:02:14-08:00",
      "forks": 62,
      "username": "ars",
      "description": "Helpful utilities for UIColor for iPhone",
      "language": "Objective-C",
      "fork": false,
      "size": 100,
      "followers": 240,
      "name": "uicolor-utilities",
      "private": false,
      "created_at": "2009-02-06T11:24:15-08:00"
    },
    {
      "type": "repo",
      "created": "2009-06-16T17:30:27-07:00",
      "pushed_at": "2012-09-03T01:23:15-07:00",
      "watchers": 776,
      "owner": "mattgallagher",
      "pushed": "2012-09-03T01:23:15-07:00",
      "forks": 219,
      "username": "mattgallagher",
      "description": "A streaming audio player class (AudioStreamer) for Mac OS X and iPhone.",
      "language": "Objective-C",
      "fork": false,
      "size": 148,
      "followers": 776,
      "name": "AudioStreamer",
      "private": false,
      "created_at": "2009-06-16T17:30:27-07:00"
    },
    {
      "type": "repo",
      "created": "2010-05-04T21:09:38-07:00",
      "pushed_at": "2011-10-19T23:33:48-07:00",
      "watchers": 93,
      "owner": "st3fan",
      "pushed": "2011-10-19T23:33:48-07:00",
      "forks": 11,
      "username": "st3fan",
      "description": "iPhone Twitter Framework",
      "language": "Objective-C",
      "fork": false,
      "size": 340,
      "followers": 93,
      "name": "iphone-twitter",
      "private": false,
      "created_at": "2010-05-04T21:09:38-07:00"
    },
    {
      "type": "repo",
      "created": "2008-10-27T20:46:21-07:00",
      "pushed_at": "2011-09-05T18:54:08-07:00",
      "watchers": 431,
      "owner": "jdg",
      "pushed": "2011-09-05T18:54:08-07:00",
      "forks": 128,
      "username": "jdg",
      "description": "An iPhone ready, Objective-C implementation of an OAuth consumer.",
      "language": "Objective-C",
      "fork": false,
      "size": 176,
      "followers": 431,
      "name": "oauthconsumer",
      "private": false,
      "created_at": "2008-10-27T20:46:21-07:00"
    },
    {
      "type": "repo",
      "created": "2012-06-07T05:48:26-07:00",
      "pushed_at": "2012-10-01T00:45:21-07:00",
      "watchers": 66,
      "owner": "MetaWatchOpenProjects",
      "pushed": "2012-10-01T00:45:21-07:00",
      "forks": 24,
      "username": "MetaWatchOpenProjects",
      "description": "iOS application project that demonstrates connectivity with Meta Watch Bluetooth 4.0 capable watches",
      "language": "Objective-C",
      "fork": false,
      "size": 456,
      "followers": 66,
      "name": "MWM-for-iPhone",
      "private": false,
      "created_at": "2012-06-07T05:48:26-07:00"
    },
    {
      "type": "repo",
      "created": "2010-09-13T16:49:15-07:00",
      "pushed_at": "2012-06-13T14:47:11-07:00",
      "watchers": 100,
      "owner": "cobbal",
      "pushed": "2012-06-13T14:47:11-07:00",
      "forks": 18,
      "username": "cobbal",
      "description": "Build script for compiling python into a static library that can be used with the official SDK",
      "language": "Shell",
      "fork": false,
      "size": 140,
      "followers": 100,
      "name": "python-for-iphone",
      "private": false,
      "created_at": "2010-09-13T16:49:15-07:00"
    },
    {
      "type": "repo",
      "created": "2010-03-16T02:16:25-07:00",
      "pushed_at": "2012-12-12T03:57:26-08:00",
      "watchers": 403,
      "owner": "rs",
      "pushed": "2012-12-12T03:57:26-08:00",
      "forks": 123,
      "username": "rs",
      "description": "URLCache subclass with on-disk cache support on iPhone/iPad",
      "language": "Objective-C",
      "fork": false,
      "size": 164,
      "followers": 403,
      "name": "SDURLCache",
      "private": false,
      "created_at": "2010-03-16T02:16:25-07:00"
    },
    {
      "type": "repo",
      "created": "2012-05-14T03:31:26-07:00",
      "pushed_at": "2012-05-14T09:36:17-07:00",
      "watchers": 688,
      "owner": "mattgemmell",
      "pushed": "2012-05-14T09:36:17-07:00",
      "forks": 77,
      "username": "mattgemmell",
      "description": "Tile-based contextual menu for iPad and iPhone developers.",
      "language": "Objective-C",
      "fork": false,
      "size": 132,
      "followers": 688,
      "name": "MGTileMenu",
      "private": false,
      "created_at": "2012-05-14T03:31:26-07:00"
    },
    {
      "type": "repo",
      "created": "2009-05-22T15:51:08-07:00",
      "pushed_at": "2010-03-24T09:40:50-07:00",
      "watchers": 201,
      "owner": "jhaynie",
      "pushed": "2010-03-24T09:40:50-07:00",
      "forks": 98,
      "username": "jhaynie",
      "description": "Command Line Launcher for the iPhone Simulator",
      "language": "Objective-C",
      "fork": false,
      "size": 268,
      "followers": 201,
      "name": "iphonesim",
      "private": false,
      "created_at": "2009-05-22T15:51:08-07:00"
    },
    {
      "type": "repo",
      "created": "2010-09-14T15:04:55-07:00",
      "pushed_at": "2012-10-23T10:48:42-07:00",
      "watchers": 37,
      "owner": "janrain",
      "pushed": "2012-10-23T10:48:42-07:00",
      "forks": 17,
      "username": "janrain",
      "description": "",
      "language": "Objective-C",
      "fork": false,
      "size": 172,
      "followers": 37,
      "name": "engage.iphone",
      "private": false,
      "created_at": "2010-09-14T15:04:55-07:00"
    },
    {
      "type": "repo",
      "created": "2009-03-04T17:08:08-08:00",
      "pushed_at": "2009-03-12T15:42:00-07:00",
      "watchers": 52,
      "owner": "kailoa",
      "pushed": "2009-03-12T15:42:00-07:00",
      "forks": 13,
      "username": "kailoa",
      "description": "A github fork of SKPSMTPMessage.  A quick SMTP client for the iPhone, built on CFNetwork in ObjC",
      "language": "Objective-C",
      "fork": false,
      "size": 92,
      "followers": 52,
      "name": "iphone-smtp",
      "private": false,
      "created_at": "2009-03-04T17:08:08-08:00"
    },
    {
      "type": "repo",
      "created": "2011-01-21T08:43:35-08:00",
      "pushed_at": "2012-12-08T02:10:50-08:00",
      "watchers": 564,
      "owner": "cubiq",
      "pushed": "2012-12-08T02:10:50-08:00",
      "forks": 79,
      "username": "cubiq",
      "description": "Add to home screen popup for iPhone/iPad",
      "language": "JavaScript",
      "fork": false,
      "size": 172,
      "followers": 564,
      "name": "add-to-homescreen",
      "private": false,
      "created_at": "2011-01-21T08:43:35-08:00"
    },
    {
      "type": "repo",
      "created": "2009-02-06T17:59:18-08:00",
      "pushed_at": "2010-04-19T20:14:54-07:00",
      "watchers": 67,
      "owner": "andrewfromyammer",
      "pushed": "2010-04-19T20:14:54-07:00",
      "forks": 11,
      "username": "andrewfromyammer",
      "description": "Yammer.com iPhone App",
      "language": "Objective-C",
      "fork": false,
      "size": 96,
      "followers": 67,
      "name": "yammer_iphone",
      "private": false,
      "created_at": "2009-02-06T17:59:18-08:00"
    },
    {
      "type": "repo",
      "created": "2010-12-14T02:48:05-08:00",
      "pushed_at": "2011-01-05T01:48:53-08:00",
      "watchers": 147,
      "owner": "bcaccinolo",
      "pushed": "2011-01-05T01:48:53-08:00",
      "forks": 63,
      "username": "bcaccinolo",
      "description": "an iPhone XML to NSDictionary converter",
      "language": "Objective-C",
      "fork": false,
      "size": 132,
      "followers": 147,
      "name": "XML-to-NSDictionary",
      "private": false,
      "created_at": "2010-12-14T02:48:05-08:00"
    },
    {
      "type": "repo",
      "created": "2009-03-28T10:25:03-07:00",
      "pushed_at": "2012-12-18T00:42:29-08:00",
      "watchers": 1035,
      "owner": "dennisreimann",
      "pushed": "2012-12-18T00:42:29-08:00",
      "forks": 114,
      "username": "dennisreimann",
      "description": "iOS GitHub client (universal, works on the iPad, iPhone and iPod Touch)",
      "language": "Objective-C",
      "fork": false,
      "size": 800,
      "followers": 1035,
      "name": "ioctocat",
      "private": false,
      "created_at": "2009-03-28T10:25:03-07:00"
    },
    {
      "type": "repo",
      "created": "2011-08-08T22:46:15-07:00",
      "pushed_at": "2011-12-14T00:08:10-08:00",
      "watchers": 52,
      "owner": "AdilSoomro",
      "pushed": "2011-12-14T00:08:10-08:00",
      "forks": 23,
      "username": "AdilSoomro",
      "description": "android Tab widget like Iphon UITabBar",
      "language": "Java",
      "fork": false,
      "size": 196,
      "followers": 52,
      "name": "Iphone-Tab-in-Android",
      "private": false,
      "created_at": "2011-08-08T22:46:15-07:00"
    },
    {
      "type": "repo",
      "created": "2009-10-11T10:45:35-07:00",
      "pushed_at": "2011-03-01T04:07:44-08:00",
      "watchers": 222,
      "owner": "ksexton",
      "pushed": "2011-03-01T04:07:44-08:00",
      "forks": 43,
      "username": "ksexton",
      "description": "MobileOrg iPhone App",
      "language": "Objective-C",
      "fork": false,
      "size": 340,
      "followers": 222,
      "name": "mobileorg",
      "private": false,
      "created_at": "2009-10-11T10:45:35-07:00"
    },
    {
      "type": "repo",
      "created": "2010-11-11T11:44:17-08:00",
      "pushed_at": "2011-02-17T18:17:34-08:00",
      "watchers": 66,
      "owner": "twilio",
      "pushed": "2011-02-17T18:17:34-08:00",
      "forks": 19,
      "username": "twilio",
      "description": "OpenVBX for iPhone",
      "language": "Objective-C",
      "fork": false,
      "size": 204,
      "followers": 66,
      "name": "OpenVBX-iPhone",
      "private": false,
      "created_at": "2010-11-11T11:44:17-08:00"
    },
    {
      "type": "repo",
      "created": "2012-02-14T22:34:59-08:00",
      "pushed_at": "2012-09-16T06:23:54-07:00",
      "watchers": 843,
      "owner": "mystcolor",
      "pushed": "2012-09-16T06:23:54-07:00",
      "forks": 122,
      "username": "mystcolor",
      "description": "Recreating the buttonless interaction pattern found in Clear for iPhone app",
      "language": "Objective-C",
      "fork": false,
      "size": 156,
      "followers": 843,
      "name": "JTGestureBasedTableViewDemo",
      "private": false,
      "created_at": "2012-02-14T22:34:59-08:00"
    },
    {
      "type": "repo",
      "created": "2010-07-05T01:37:04-07:00",
      "pushed_at": "2012-11-26T09:20:27-08:00",
      "watchers": 567,
      "owner": "mattgemmell",
      "pushed": "2012-11-26T09:20:27-08:00",
      "forks": 69,
      "username": "mattgemmell",
      "description": "Useful UIImage categories for iPhone/iPad developers.",
      "language": "Objective-C",
      "fork": false,
      "size": 152,
      "followers": 567,
      "name": "MGImageUtilities",
      "private": false,
      "created_at": "2010-07-05T01:37:04-07:00"
    },
    {
      "type": "repo",
      "created": "2010-01-08T09:06:41-08:00",
      "pushed_at": "2010-08-06T12:13:56-07:00",
      "watchers": 81,
      "owner": "st3fan",
      "pushed": "2010-08-06T12:13:56-07:00",
      "forks": 9,
      "username": "st3fan",
      "description": "Simple EPUB Book Reader for the iPhone",
      "language": "C",
      "fork": false,
      "size": 128,
      "followers": 81,
      "name": "iphone-bookreader",
      "private": false,
      "created_at": "2010-01-08T09:06:41-08:00"
    },
    {
      "type": "repo",
      "created": "2008-10-24T01:30:55-07:00",
      "pushed_at": "2010-09-01T08:13:59-07:00",
      "watchers": 473,
      "owner": "takuma104",
      "pushed": "2010-09-01T08:13:59-07:00",
      "forks": 73,
      "username": "takuma104",
      "description": "NatsuLiphone - The twitter client for iPhone / iPod touch",
      "language": "Objective-C",
      "fork": false,
      "size": 312,
      "followers": 473,
      "name": "ntlniph",
      "private": false,
      "created_at": "2008-10-24T01:30:55-07:00"
    },
    {
      "type": "repo",
      "created": "2011-06-12T09:31:37-07:00",
      "pushed_at": "2012-12-19T07:10:29-08:00",
      "watchers": 116,
      "owner": "MiniKeePass",
      "pushed": "2012-12-19T07:10:29-08:00",
      "forks": 28,
      "username": "MiniKeePass",
      "description": "MiniKeePass for the iPhone",
      "language": "Objective-C",
      "fork": false,
      "size": 496,
      "followers": 116,
      "name": "MiniKeePass",
      "private": false,
      "created_at": "2011-06-12T09:31:37-07:00"
    },
    {
      "type": "repo",
      "created": "2010-01-19T12:57:50-08:00",
      "pushed_at": "2011-07-27T17:26:07-07:00",
      "watchers": 821,
      "owner": "tcurdt",
      "pushed": "2011-07-27T17:26:07-07:00",
      "forks": 111,
      "username": "tcurdt",
      "description": "Let's you connect your laptop to the iPhone to surf the web.",
      "language": "C",
      "fork": false,
      "size": 180,
      "followers": 821,
      "name": "iProxy",
      "private": false,
      "created_at": "2010-01-19T12:57:50-08:00"
    },
    {
      "type": "repo",
      "created": "2010-04-19T22:53:04-07:00",
      "pushed_at": "2011-10-29T18:14:34-07:00",
      "watchers": 1214,
      "owner": "brow",
      "pushed": "2011-10-29T18:14:34-07:00",
      "forks": 238,
      "username": "brow",
      "description": "An iBooks-like page-turning interface for iPhone and iPad apps using only public APIs.",
      "language": "Objective-C",
      "fork": false,
      "size": 220,
      "followers": 1214,
      "name": "leaves",
      "private": false,
      "created_at": "2010-04-19T22:53:04-07:00"
    },
    {
      "type": "repo",
      "created": "2009-10-19T16:43:56-07:00",
      "pushed_at": "2012-11-12T08:04:30-08:00",
      "watchers": 336,
      "owner": "enormego",
      "pushed": "2012-11-12T08:04:30-08:00",
      "forks": 84,
      "username": "enormego",
      "description": "Fast Caching for Objective-C (iPhone & Mac Compatible)",
      "language": "Objective-C",
      "fork": false,
      "size": 184,
      "followers": 336,
      "name": "EGOCache",
      "private": false,
      "created_at": "2009-10-19T16:43:56-07:00"
    },
    {
      "type": "repo",
      "created": "2010-02-08T07:52:55-08:00",
      "pushed_at": "2012-04-19T10:24:57-07:00",
      "watchers": 481,
      "owner": "kirbyt",
      "pushed": "2012-04-19T10:24:57-07:00",
      "forks": 83,
      "username": "kirbyt",
      "description": "KTPhotoBrowser is a lightweight photo browser library for the iPhone and iPod touch that looks and behaves like the iPhone Photos app.",
      "language": "Objective-C",
      "fork": false,
      "size": 164,
      "followers": 481,
      "name": "KTPhotoBrowser",
      "private": false,
      "created_at": "2010-02-08T07:52:55-08:00"
    },
    {
      "type": "repo",
      "created": "2009-06-28T18:57:35-07:00",
      "pushed_at": "2012-04-06T10:31:07-07:00",
      "watchers": 1034,
      "owner": "probablycorey",
      "pushed": "2012-04-06T10:31:07-07:00",
      "forks": 83,
      "username": "probablycorey",
      "description": "Wax is a framework that lets you write native iPhone apps in Lua.",
      "language": "C",
      "fork": false,
      "size": 1759,
      "followers": 1034,
      "name": "wax",
      "private": false,
      "created_at": "2009-06-28T18:57:35-07:00"
    },
    {
      "type": "repo",
      "created": "2009-02-28T21:34:53-08:00",
      "pushed_at": "2009-04-17T23:59:59-07:00",
      "watchers": 79,
      "owner": "keishi",
      "pushed": "2009-04-17T23:59:59-07:00",
      "forks": 14,
      "username": "keishi",
      "description": "An iPhone app to view articles on wikiHow.com.",
      "language": "C",
      "fork": false,
      "size": 112,
      "followers": 79,
      "name": "wikihow-iphone-app",
      "private": false,
      "created_at": "2009-02-28T21:34:53-08:00"
    },
    {
      "type": "repo",
      "created": "2012-02-13T10:40:19-08:00",
      "pushed_at": "2012-05-17T06:29:19-07:00",
      "watchers": 1064,
      "owner": "ccoenraets",
      "pushed": "2012-05-17T06:29:19-07:00",
      "forks": 225,
      "username": "ccoenraets",
      "description": "Sample Application built with Backbone.js and 3 different UI toolkits: Twitter Bootstrap, jQuery Mobile, and custom iPhone skins",
      "language": "PHP",
      "fork": false,
      "size": 268,
      "followers": 1064,
      "name": "backbone-directory",
      "private": false,
      "created_at": "2012-02-13T10:40:19-08:00"
    },
    {
      "type": "repo",
      "created": "2012-05-14T06:46:36-07:00",
      "pushed_at": "2012-06-11T07:22:17-07:00",
      "watchers": 212,
      "owner": "takashisite",
      "pushed": "2012-06-11T07:22:17-07:00",
      "forks": 33,
      "username": "takashisite",
      "description": "UIPopover like UI for iPhone",
      "language": "Objective-C",
      "fork": false,
      "size": 168,
      "followers": 212,
      "name": "TSPopover",
      "private": false,
      "created_at": "2012-05-14T06:46:36-07:00"
    },
    {
      "type": "repo",
      "created": "2009-05-06T08:35:51-07:00",
      "pushed_at": "2011-03-06T17:33:12-08:00",
      "watchers": 240,
      "owner": "beetlebugorg",
      "pushed": "2011-03-06T17:33:12-08:00",
      "forks": 29,
      "username": "beetlebugorg",
      "description": "iPhone Face Detection App",
      "language": "C",
      "fork": false,
      "size": 160,
      "followers": 240,
      "name": "PictureMe",
      "private": false,
      "created_at": "2009-05-06T08:35:51-07:00"
    },
    {
      "type": "repo",
      "created": "2012-01-26T15:00:24-08:00",
      "pushed_at": "2012-09-21T10:45:26-07:00",
      "watchers": 711,
      "owner": "omz",
      "pushed": "2012-09-21T10:45:26-07:00",
      "forks": 89,
      "username": "omz",
      "description": "Dedicated app for reading Apple's developer documentation on an iPad or iPhone",
      "language": "C",
      "fork": false,
      "size": 232,
      "followers": 711,
      "name": "DocSets-for-iOS",
      "private": false,
      "created_at": "2012-01-26T15:00:24-08:00"
    },
    {
      "type": "repo",
      "created": "2010-07-07T02:24:17-07:00",
      "pushed_at": "2012-12-15T14:17:33-08:00",
      "watchers": 1164,
      "owner": "Simbul",
      "pushed": "2012-12-15T14:17:33-08:00",
      "forks": 172,
      "username": "Simbul",
      "description": "The HTML5 ebook framework to publish interactive books & magazines on iPad & iPhone using simply open web standards ",
      "language": "Objective-C",
      "fork": false,
      "size": 580,
      "followers": 1164,
      "name": "baker",
      "private": false,
      "created_at": "2010-07-07T02:24:17-07:00"
    },
    {
      "type": "repo",
      "created": "2010-03-31T09:04:35-07:00",
      "pushed_at": "2012-04-15T11:06:42-07:00",
      "watchers": 57,
      "owner": "ResultsDirect",
      "pushed": "2012-04-15T11:06:42-07:00",
      "forks": 15,
      "username": "ResultsDirect",
      "description": "Simple framework to provide authentication and API support for LinkedIn on iPhoneOS devices.",
      "language": "Objective-C",
      "fork": false,
      "size": 172,
      "followers": 57,
      "name": "LinkedIn-iPhone",
      "private": false,
      "created_at": "2010-03-31T09:04:35-07:00"
    },
    {
      "type": "repo",
      "created": "2010-03-15T08:15:39-07:00",
      "pushed_at": "2010-09-04T07:10:19-07:00",
      "watchers": 1198,
      "owner": "mattgemmell",
      "pushed": "2010-09-04T07:10:19-07:00",
      "forks": 158,
      "username": "mattgemmell",
      "description": "Objective-C Twitter integration library for Mac OS X and iPhone. Official repository.",
      "language": "Objective-C",
      "fork": false,
      "size": 316,
      "followers": 1198,
      "name": "MGTwitterEngine",
      "private": false,
      "created_at": "2010-03-15T08:15:39-07:00"
    },
    {
      "type": "repo",
      "created": "2011-06-01T08:33:37-07:00",
      "pushed_at": "2012-11-12T11:33:52-08:00",
      "watchers": 332,
      "owner": "schwa",
      "pushed": "2012-11-12T11:33:52-08:00",
      "forks": 61,
      "username": "schwa",
      "description": "An open source (BSD) iPhone & iPad PDF Reader",
      "language": "Objective-C",
      "fork": false,
      "size": 192,
      "followers": 332,
      "name": "iOS-PDF-Reader",
      "private": false,
      "created_at": "2011-06-01T08:33:37-07:00"
    },
    {
      "type": "repo",
      "created": "2010-10-20T15:30:03-07:00",
      "pushed_at": "2012-12-18T09:25:07-08:00",
      "watchers": 68,
      "owner": "MIT-Mobile",
      "pushed": "2012-12-18T09:25:07-08:00",
      "forks": 19,
      "username": "MIT-Mobile",
      "description": "The iPhone native portion of the MIT Mobile Framework",
      "language": "Objective-C",
      "fork": false,
      "size": 2172,
      "followers": 68,
      "name": "MIT-Mobile-for-iPhone",
      "private": false,
      "created_at": "2010-10-20T15:30:03-07:00"
    }
  ]
}
